sample_id,expression,response,dose,group
S000,5.457,4.636,3.29,treated
S001,3.44,3.878,15.65,treated
S002,6.126,4.973,4.36,treated
S003,6.411,5.644,18.26,control
S004,2.073,0.019,13.3,control
S005,3.047,2.398,1.21,control
S006,5.192,3.479,0.61,control
S007,4.526,2.645,1.51,control
S008,4.975,3.277,12.32,treated
S009,3.72,2.709,16.13,treated
S010,6.319,5.788,5.15,treated
S011,6.167,3.872,17.06,control
S012,5.099,4.104,1.62,treated
S013,6.691,4.965,16.12,treated
S014,5.701,4.299,18.59,treated
S015,3.711,3.771,15.56,control
S016,5.553,4.873,14.11,control
S017,3.562,3.919,16.84,treated
S018,6.318,4.931,1.28,control
S019,4.925,3.383,4.43,control
S020,,3.599,,control
S021,3.979,3.377,10.34,treated
S022,6.834,5.608,15.03,treated
S023,4.768,2.947,12.79,control
S024,4.358,3.558,17.1,control
S025,4.472,3.76,3.53,treated
S026,5.798,6.653,14.83,treated
S027,5.548,5.94,4.26,treated
S028,5.619,3.813,5.78,control
S029,5.646,4.287,14.34,treated
S030,8.212,5.399,19.61,control
S031,4.39,3.04,12.43,treated
S032,4.232,3.638,1.56,control
S033,,3.988,12.52,control
S034,5.924,4.156,1.33,control
S035,6.693,4.831,17.74,control
S036,4.829,2.145,14.34,treated
S037,3.74,2.862,3.88,control
S038,3.763,2.161,2.29,control
S039,5.976,4.357,4.08,control
S040,6.115,4.19,19.61,treated
S041,5.815,4.576,9.44,treated
S042,4.002,1.795,15.79,treated
S043,5.348,3.105,12.91,treated
S044,5.175,5.843,11.66,treated
S045,5.328,3.232,3.33,treated
S046,6.307,4.168,18.95,control
S047,5.335,5.738,6.38,treated
S048,6.018,7.139,11.77,treated
S049,5.101,3.144,14.15,treated
S050,5.434,4.052,13.16,control
S051,5.947,5.031,18.84,treated
S052,2.814,3.634,3.39,control
S053,4.52,2.827,10.41,control
S054,4.294,3.239,8.38,treated
S055,4.042,3.855,9.75,control
S056,4.587,4.018,2.82,control
S057,7.242,5.493,3.11,treated
S058,3.701,2.854,5.92,control
S059,6.452,4.062,6.44,treated
S060,2.476,1.79,8.84,control
S061,4.498,3.385,12.41,control
S062,5.244,4.381,12.88,treated
S063,,4.259,8.53,treated
S064,6.067,5.231,8.47,control
S065,6.19,5.762,4.74,treated
S066,4.477,3.706,11.97,treated
S067,4.306,3.727,6.68,control
S068,6.287,5.072,1.2,treated
S069,4.713,3.771,8.66,control
S070,3.086,1.892,9.75,treated
S071,3.3,2.893,4.9,treated
S072,3.621,2.819,11.66,treated
S073,5.746,6.271,11.53,treated
S074,5.214,5.43,14.19,control
S075,6.036,5.137,13.13,control
S076,4.359,2.877,13.22,control
S077,5.238,3.3,6.67,treated
S078,5.938,5.704,15.85,treated
S079,4.536,3.839,11.21,control
S080,5.685,4.932,8.91,treated
S081,4.007,1.81,12.71,treated
S082,4.455,4.306,7.53,treated
S083,4.427,3.905,10.5,control
S084,3.206,1.677,14.87,treated
S085,5.73,4.207,17.78,treated
S086,4.296,3.648,18.46,control
S087,5.019,4.057,10.32,control
S088,5.721,4.343,10.65,control
S089,5.67,4.453,16.1,control
S090,5.998,4.597,6.63,treated
S091,4.852,4.004,16.83,treated
S092,4.365,4.669,10.14,treated
S093,4.88,1.851,2.76,control
S094,2.469,1.786,1.91,treated
S095,2.829,2.405,16.92,control
S096,3.016,2.65,1.58,treated
S097,3.504,2.506,5.97,control
S098,5.6,3.074,7.02,control
S099,3.642,3.176,3.87,treated
S100,4.433,4.928,6.62,control
S101,6.949,4.332,14.98,treated
S102,4.466,,0.79,treated
S103,6.106,4.622,16.63,treated
S104,3.6,2.831,17.2,treated
S105,4.692,2.911,7.76,control
S106,3.575,2.592,3.5,treated
S107,4.491,4.633,12.22,control
S108,6.26,5.474,2.83,treated
S109,2.409,3.313,7.62,control
S110,5.652,5.463,19.19,control
S111,,4.637,19.91,treated
S112,4.109,4.682,15.56,control
S113,2.831,2.616,6.56,treated
S114,5.108,4.749,13.91,treated
S115,4.206,3.127,14.26,treated
S116,5.349,4.332,8.06,treated
S117,5.033,3.468,13.0,treated
S118,7.403,6.714,0.71,control
S119,4.641,2.77,4.58,control
S120,3.465,3.398,10.74,control
S121,5.269,4.063,3.69,treated
S122,5.33,5.201,3.74,control
S123,7.039,6.232,16.81,control
S124,6.253,6.459,19.79,control
S125,5.535,5.013,11.34,control
S126,7.195,4.498,16.86,control
S127,3.217,2.52,19.81,control
S128,4.04,2.295,3.26,control
S129,3.61,2.473,9.24,control
S130,4.415,4.741,8.16,control
S131,2.935,2.858,2.06,control
S132,5.953,4.203,15.23,treated
S133,4.667,2.922,8.96,control
S134,2.794,2.261,9.65,control
S135,3.477,1.808,3.44,control
S136,5.47,3.839,4.03,treated
S137,6.257,5.255,18.19,treated
S138,7.995,7.32,1.37,treated
S139,9.371,7.984,5.04,control
S140,5.622,2.664,6.2,control
S141,3.516,3.056,10.06,control
S142,1.802,1.499,11.94,treated
S143,5.402,4.652,10.12,treated
S144,3.781,4.317,2.14,treated
S145,4.377,1.851,5.25,treated
S146,4.082,2.793,16.95,treated
S147,4.789,4.304,,treated
S148,6.599,4.014,13.16,treated
S149,5.236,5.369,13.57,control
S150,4.762,4.104,15.38,control
S151,3.447,3.434,1.63,treated
S152,2.488,1.534,7.65,control
S153,4.271,4.067,11.02,control
S154,4.919,,7.1,treated
S155,7.652,6.308,16.97,control
S156,5.195,4.344,9.91,treated
S157,6.474,5.396,15.49,treated
S158,4.251,2.71,17.11,control
S159,3.223,2.46,10.34,treated
S160,3.552,2.72,18.24,treated
S161,3.912,3.436,11.95,treated
S162,8.193,7.354,17.08,control
S163,3.768,2.168,7.14,treated
S164,6.258,4.906,10.23,treated
S165,3.646,4.102,10.86,treated
S166,6.397,4.523,2.55,control
S167,5.577,3.804,8.27,control
S168,4.765,3.974,18.39,treated
S169,4.939,4.627,12.8,control
S170,4.018,3.223,3.96,control
S171,5.669,5.598,7.11,control
S172,4.318,4.139,4.24,control
S173,3.162,3.203,0.98,control
S174,3.083,2.91,18.59,control
S175,5.259,6.069,9.24,treated
S176,7.369,5.731,6.5,control
S177,5.24,2.589,12.17,control
S178,4.822,5.141,0.64,control
S179,5.429,3.977,5.92,treated
S180,6.959,5.654,14.21,control
S181,5.329,5.311,12.86,treated
S182,4.384,2.225,19.65,treated
S183,6.659,4.326,12.6,treated
S184,5.643,3.233,,treated
S185,7.304,5.208,15.35,control
S186,5.275,,18.11,treated
S187,3.163,2.95,14.55,control
S188,2.948,,19.28,treated
S189,7.476,4.851,15.75,treated
S190,7.585,4.22,,treated
S191,4.731,3.828,2.73,treated
S192,4.425,3.163,14.78,control
S193,7.192,6.121,9.08,treated
S194,3.339,3.233,11.29,treated
S195,3.658,3.037,13.25,treated
S196,5.965,5.38,19.41,control
S197,4.408,3.71,19.7,treated
S198,4.992,4.418,6.12,control
S199,4.755,3.24,14.81,control
